work_id,mp_name,work,category,state,constituency,district,city,ward,block,village,recommended_date,allocation_amount,ida_approval,status,house,days_since_recommendation,approval_pending,unsanctioned,state_work_count,constituency_work_count,category_work_count,allocation_amount_ratio,allocation_amount_log,work_description_length,location_completeness,approval_status_risk,old_pending_signal,Anomaly,Anomaly_Status,Anomaly_Score,Anomaly_Risk_Score,Risk_Score,Risk_Level,Risk_Reasons
MPLADS-000001,Demo MP 1,Demo MPLADS work 1 - Road Development,Road Development,ANDHRA PRADESH,Guntur,,Demo City 1,Ward 1,Block 1,Demo Village 1,2024-01-15,450000,PENDING,COMPLETED,RAJYA SABHA,968.0,1,0,4,4,5,0.375,13.017005083966255,37,4,1,1,1,Normal,0.0252250816072832,76.75,49,MEDIUM,High AI anomaly score; Approval is pending; Work has remained pending for a long period; Work recommendation is more than two years old
MPLADS-000002,Demo MP 2,Demo MPLADS work 2 - Drinking Water,Drinking Water,TELANGANA,Warangal,,Demo City 2,Ward 2,Block 2,Demo Village 2,,750000,YES,PENDING,LOK SABHA,0.0,0,0,4,4,5,0.625,13.527829818844936,35,4,0,0,1,Normal,0.1464918713571155,15.08,0,LOW,No major risk indicators detected
MPLADS-000003,Demo MP 3,Demo MPLADS work 3 - School Infrastructure,School Infrastructure,KARNATAKA,Bengaluru Rural,,Demo City 3,Ward 3,Block 3,Demo Village 3,,1200000,YES,UNDER IMPLEMENTATION,LOK SABHA,0.0,0,0,4,4,5,1.0,13.997832948091215,42,4,0,0,1,Normal,0.1216305256246115,27.72,0,LOW,No major risk indicators detected
MPLADS-000004,Demo MP 4,Demo MPLADS work 4 - Health Infrastructure,Health Infrastructure,TAMIL NADU,Madurai,,Demo City 4,Ward 4,Block 4,Demo Village 4,2024-03-24,1800000,YES,ONGOING,RAJYA SABHA,899.0,0,0,4,4,5,1.5,14.403297778421797,42,4,0,0,1,Normal,0.0710983759693331,53.42,12,LOW,Work recommendation is more than two years old
MPLADS-000005,Demo MP 5,Demo MPLADS work 5 - Street Lighting,Street Lighting,RAJASTHAN,Jaipur Rural,,Demo City 5,Ward 5,Block 5,Demo Village 5,2024-04-16,2500000,PENDING,APPROVED,LOK SABHA,876.0,1,0,4,4,5,2.083333333333333,14.731801689838347,36,4,1,1,-1,Anomaly,-0.0136903897821847,96.55,89,CRITICAL,AI detected an unusual project pattern; Very high AI anomaly score; Approval is pending; Work has remained pending for a long period; Work recommendation is more than two years old; Allocation amount is higher than the typical dataset value
MPLADS-000006,Demo MP 6,Demo MPLADS work 6 - Community Hall,Community Hall,UTTAR PRADESH,Lucknow,,Demo City 6,Ward 6,Block 6,Demo Village 6,,3200000,YES,COMPLETED,LOK SABHA,0.0,0,0,4,4,5,2.6666666666666665,14.978661680269909,35,4,0,0,1,Normal,0.070544838187156,53.7,5,LOW,Allocation amount is higher than the typical dataset value
MPLADS-000007,Demo MP 7,Demo MPLADS work 7 - Drainage,Drainage,BIHAR,Patna,,Demo City 7,Ward 7,Block 7,Demo Village 7,,450000,YES,PENDING,RAJYA SABHA,0.0,0,0,4,4,5,0.375,13.017005083966255,29,4,0,0,1,Normal,0.0488903289296187,64.72,8,LOW,Elevated AI anomaly score
MPLADS-000008,Demo MP 8,Demo MPLADS work 8 - Public Sanitation,Public Sanitation,MAHARASHTRA,Pune,,Demo City 8,Ward 8,Block 8,Demo Village 8,2024-06-24,750000,YES,UNDER IMPLEMENTATION,LOK SABHA,807.0,0,0,4,4,5,0.625,13.527829818844936,38,4,0,0,1,Normal,0.0847586716762043,46.47,12,LOW,Work recommendation is more than two years old
MPLADS-000009,Demo MP 9,Demo MPLADS work 9 - Road Development,Road Development,WEST BENGAL,Kolkata,,Demo City 1,Ward 9,Block 9,Demo Village 9,2024-07-17,1200000,PENDING,ONGOING,LOK SABHA,784.0,1,0,4,4,5,1.0,13.997832948091215,37,4,1,1,1,Normal,0.0532653141023264,62.49,42,MEDIUM,Elevated AI anomaly score; Approval is pending; Work has remained pending for a long period; Work recommendation is more than two years old
MPLADS-000010,Demo MP 10,Demo MPLADS work 10 - Drinking Water,Drinking Water,ODISHA,Bhubaneswar,,Demo City 2,Ward 10,Block 10,Demo Village 10,,1800000,YES,APPROVED,RAJYA SABHA,0.0,0,0,4,4,5,1.5,14.403297778421797,36,4,0,0,1,Normal,0.1645984820639472,5.87,0,LOW,No major risk indicators detected
MPLADS-000011,Demo MP 11,Demo MPLADS work 11 - School Infrastructure,School Infrastructure,ANDHRA PRADESH,Guntur,,Demo City 3,Ward 11,Block 11,Demo Village 11,,2500000,YES,COMPLETED,LOK SABHA,0.0,0,0,4,4,5,2.083333333333333,14.731801689838347,43,4,0,0,1,Normal,0.1107465205972964,33.26,5,LOW,Allocation amount is higher than the typical dataset value
MPLADS-000012,Demo MP 12,Demo MPLADS work 12 - Health Infrastructure,Health Infrastructure,TELANGANA,Warangal,,Demo City 4,Ward 12,Block 12,Demo Village 12,2024-09-24,3200000,YES,PENDING,LOK SABHA,715.0,0,0,4,4,5,2.6666666666666665,14.978661680269909,43,4,0,0,1,Normal,0.0173525728971326,80.76,28,LOW,High AI anomaly score; Work recommendation is more than one year old; Allocation amount is higher than the typical dataset value
MPLADS-000013,Demo MP 13,Demo MPLADS work 13 - Street Lighting,Street Lighting,KARNATAKA,Bengaluru Rural,,Demo City 5,Ward 13,Block 1,Demo Village 13,2024-10-17,450000,PENDING,UNDER IMPLEMENTATION,RAJYA SABHA,692.0,1,0,4,4,5,0.375,13.017005083966255,37,4,1,1,1,Normal,0.0531008592516289,62.58,38,MEDIUM,Elevated AI anomaly score; Approval is pending; Work has remained pending for a long period; Work recommendation is more than one year old
MPLADS-000014,Demo MP 14,Demo MPLADS work 14 - Community Hall,Community Hall,TAMIL NADU,Madurai,,Demo City 6,Ward 14,Block 2,Demo Village 14,,750000,YES,ONGOING,LOK SABHA,0.0,0,0,4,4,5,0.625,13.527829818844936,36,4,0,0,1,Normal,0.1761377177739574,0.0,0,LOW,No major risk indicators detected
MPLADS-000015,Demo MP 15,Demo MPLADS work 15 - Drainage,Drainage,RAJASTHAN,Jaipur Rural,,Demo City 7,Ward 15,Block 3,Demo Village 15,,1200000,YES,APPROVED,LOK SABHA,0.0,0,0,4,4,5,1.0,13.997832948091215,30,4,0,0,1,Normal,0.1111741748975122,33.04,0,LOW,No major risk indicators detected
MPLADS-000016,Demo MP 16,Demo MPLADS work 16 - Public Sanitation,Public Sanitation,UTTAR PRADESH,Lucknow,,Demo City 8,Ward 16,Block 4,Demo Village 1,2024-12-25,1800000,YES,COMPLETED,RAJYA SABHA,623.0,0,0,4,4,5,1.5,14.403297778421797,39,4,0,0,1,Normal,0.1159295182834549,30.62,8,LOW,Work recommendation is more than one year old
MPLADS-000017,Demo MP 17,Demo MPLADS work 17 - Road Development,Road Development,BIHAR,Patna,,Demo City 1,Ward 17,Block 5,Demo Village 2,2025-01-17,2500000,PENDING,PENDING,LOK SABHA,600.0,1,0,4,4,5,2.083333333333333,14.731801689838347,38,4,1,1,1,Normal,0.0175535617617562,80.65,50,MEDIUM,High AI anomaly score; Approval is pending; Work has remained pending for a long period; Work recommendation is more than one year old; Allocation amount is higher than the typical dataset value
MPLADS-000018,Demo MP 18,Demo MPLADS work 18 - Drinking Water,Drinking Water,MAHARASHTRA,Pune,,Demo City 2,Ward 18,Block 6,Demo Village 3,,3200000,YES,UNDER IMPLEMENTATION,LOK SABHA,0.0,0,0,4,4,5,2.6666666666666665,14.978661680269909,36,4,0,0,1,Normal,0.1177989677205653,29.67,5,LOW,Allocation amount is higher than the typical dataset value
MPLADS-000019,Demo MP 19,Demo MPLADS work 19 - School Infrastructure,School Infrastructure,WEST BENGAL,Kolkata,,Demo City 3,Ward 19,Block 7,Demo Village 4,,450000,YES,ONGOING,RAJYA SABHA,0.0,0,0,4,4,5,0.375,13.017005083966255,43,4,0,0,1,Normal,0.0342673330991768,72.15,8,LOW,Elevated AI anomaly score
MPLADS-000020,Demo MP 20,Demo MPLADS work 20 - Health Infrastructure,Health Infrastructure,ODISHA,Bhubaneswar,,Demo City 4,Ward 20,Block 8,Demo Village 5,2025-03-27,750000,YES,APPROVED,LOK SABHA,531.0,0,0,4,4,5,0.625,13.527829818844936,43,4,0,0,1,Normal,0.078552283573709,49.63,8,LOW,Work recommendation is more than one year old
MPLADS-000021,Demo MP 21,Demo MPLADS work 21 - Street Lighting,Street Lighting,ANDHRA PRADESH,Guntur,,Demo City 5,Ward 1,Block 9,Demo Village 6,2025-04-19,1200000,PENDING,COMPLETED,LOK SABHA,508.0,1,0,4,4,5,1.0,13.997832948091215,37,4,1,1,1,Normal,0.0687963316955777,54.59,30,LOW,Approval is pending; Work has remained pending for a long period; Work recommendation is more than one year old
MPLADS-000022,Demo MP 22,Demo MPLADS work 22 - Community Hall,Community Hall,TELANGANA,Warangal,,Demo City 6,Ward 2,Block 10,Demo Village 7,,1800000,YES,PENDING,RAJYA SABHA,0.0,0,0,4,4,5,1.5,14.403297778421797,36,4,0,0,1,Normal,0.1645984820639472,5.87,0,LOW,No major risk indicators detected
MPLADS-000023,Demo MP 23,Demo MPLADS work 23 - Drainage,Drainage,KARNATAKA,Bengaluru Rural,,Demo City 7,Ward 3,Block 11,Demo Village 8,,2500000,YES,UNDER IMPLEMENTATION,LOK SABHA,0.0,0,0,4,4,5,2.083333333333333,14.731801689838347,30,4,0,0,1,Normal,0.041595695438612,68.43,13,LOW,Elevated AI anomaly score; Allocation amount is higher than the typical dataset value
MPLADS-000024,Demo MP 24,Demo MPLADS work 24 - Public Sanitation,Public Sanitation,TAMIL NADU,Madurai,,Demo City 8,Ward 4,Block 12,Demo Village 9,2025-06-27,3200000,YES,ONGOING,LOK SABHA,439.0,0,0,4,4,5,2.6666666666666665,14.978661680269909,39,4,0,0,1,Normal,0.0418629295710485,68.29,21,LOW,Elevated AI anomaly score; Work recommendation is more than one year old; Allocation amount is higher than the typical dataset value
MPLADS-000025,Demo MP 25,Demo MPLADS work 25 - Road Development,Road Development,RAJASTHAN,Jaipur Rural,,Demo City 1,Ward 5,Block 1,Demo Village 10,2025-07-20,450000,PENDING,APPROVED,RAJYA SABHA,416.0,1,0,4,4,5,0.375,13.017005083966255,38,4,1,1,1,Normal,0.0007205468306412,89.22,45,MEDIUM,High AI anomaly score; Approval is pending; Work has remained pending for a long period; Work recommendation is more than one year old
MPLADS-000026,Demo MP 26,Demo MPLADS work 26 - Drinking Water,Drinking Water,UTTAR PRADESH,Lucknow,,Demo City 2,Ward 6,Block 2,Demo Village 11,,750000,YES,COMPLETED,LOK SABHA,0.0,0,0,4,4,5,0.625,13.527829818844936,36,4,0,0,1,Normal,0.1761377177739574,0.0,0,LOW,No major risk indicators detected
MPLADS-000027,Demo MP 27,Demo MPLADS work 27 - School Infrastructure,School Infrastructure,BIHAR,Patna,,Demo City 3,Ward 7,Block 3,Demo Village 12,,1200000,YES,PENDING,LOK SABHA,0.0,0,0,4,4,5,1.0,13.997832948091215,43,4,0,0,1,Normal,0.1224304228123492,27.32,0,LOW,No major risk indicators detected
MPLADS-000028,Demo MP 28,Demo MPLADS work 28 - Health Infrastructure,Health Infrastructure,MAHARASHTRA,Pune,,Demo City 4,Ward 8,Block 4,Demo Village 13,2025-09-27,1800000,YES,UNDER IMPLEMENTATION,RAJYA SABHA,347.0,0,0,4,4,5,1.5,14.403297778421797,43,4,0,0,1,Normal,0.1143088656277324,31.45,4,LOW,Work recommendation is relatively old
MPLADS-000029,Demo MP 29,Demo MPLADS work 29 - Street Lighting,Street Lighting,WEST BENGAL,Kolkata,,Demo City 5,Ward 9,Block 5,Demo Village 14,2025-10-20,2500000,PENDING,ONGOING,LOK SABHA,324.0,1,0,4,4,5,2.083333333333333,14.731801689838347,37,4,1,1,1,Normal,0.0195891843490392,79.62,46,MEDIUM,High AI anomaly score; Approval is pending; Work has remained pending for a long period; Work recommendation is relatively old; Allocation amount is higher than the typical dataset value
MPLADS-000030,Demo MP 30,Demo MPLADS work 30 - Community Hall,Community Hall,ODISHA,Bhubaneswar,,Demo City 6,Ward 10,Block 6,Demo Village 15,,3200000,YES,APPROVED,LOK SABHA,0.0,0,0,4,4,5,2.6666666666666665,14.978661680269909,36,4,0,0,1,Normal,0.1177989677205653,29.67,5,LOW,Allocation amount is higher than the typical dataset value
MPLADS-000031,Demo MP 31,Demo MPLADS work 31 - Drainage,Drainage,ANDHRA PRADESH,Guntur,,Demo City 7,Ward 11,Block 7,Demo Village 1,,450000,YES,COMPLETED,RAJYA SABHA,0.0,0,0,4,4,5,0.375,13.017005083966255,30,4,0,0,1,Normal,0.0617066212938391,58.2,0,LOW,No major risk indicators detected
MPLADS-000032,Demo MP 32,Demo MPLADS work 32 - Public Sanitation,Public Sanitation,TELANGANA,Warangal,,Demo City 8,Ward 12,Block 8,Demo Village 2,2025-12-28,750000,YES,PENDING,LOK SABHA,255.0,0,0,4,4,5,0.625,13.527829818844936,39,4,0,0,1,Normal,0.1275776337561953,24.7,4,LOW,Work recommendation is relatively old
MPLADS-000033,Demo MP 33,Demo MPLADS work 33 - Road Development,Road Development,KARNATAKA,Bengaluru Rural,,Demo City 1,Ward 13,Block 9,Demo Village 3,2026-01-20,1200000,PENDING,UNDER IMPLEMENTATION,LOK SABHA,232.0,1,0,4,4,5,1.0,13.997832948091215,38,4,1,1,1,Normal,0.0209824958932181,78.91,41,MEDIUM,High AI anomaly score; Approval is pending; Work has remained pending for a long period; Work recommendation is relatively old
MPLADS-000034,Demo MP 34,Demo MPLADS work 34 - Drinking Water,Drinking Water,TAMIL NADU,Madurai,,Demo City 2,Ward 14,Block 10,Demo Village 4,,1800000,YES,ONGOING,RAJYA SABHA,0.0,0,0,4,4,5,1.5,14.403297778421797,36,4,0,0,1,Normal,0.1645984820639472,5.87,0,LOW,No major risk indicators detected
MPLADS-000035,Demo MP 35,Demo MPLADS work 35 - School Infrastructure,School Infrastructure,RAJASTHAN,Jaipur Rural,,Demo City 3,Ward 15,Block 11,Demo Village 5,,2500000,YES,APPROVED,LOK SABHA,0.0,0,0,4,4,5,2.083333333333333,14.731801689838347,43,4,0,0,1,Normal,0.1107465205972964,33.26,5,LOW,Allocation amount is higher than the typical dataset value
MPLADS-000036,Demo MP 36,Demo MPLADS work 36 - Health Infrastructure,Health Infrastructure,UTTAR PRADESH,Lucknow,,Demo City 4,Ward 16,Block 12,Demo Village 6,2026-03-30,3200000,YES,COMPLETED,LOK SABHA,163.0,0,0,4,4,5,2.6666666666666665,14.978661680269909,43,4,0,0,1,Normal,0.0577853405179834,60.19,13,LOW,Elevated AI anomaly score; Allocation amount is higher than the typical dataset value
MPLADS-000037,Demo MP 37,Demo MPLADS work 37 - Street Lighting,Street Lighting,BIHAR,Patna,,Demo City 5,Ward 17,Block 1,Demo Village 7,2026-04-22,450000,PENDING,PENDING,RAJYA SABHA,140.0,1,0,4,4,5,0.375,13.017005083966255,37,4,1,0,-1,Anomaly,-0.020482944863679,100.0,60,MEDIUM,AI detected an unusual project pattern; Very high AI anomaly score; Approval is pending
MPLADS-000038,Demo MP 38,Demo MPLADS work 38 - Community Hall,Community Hall,MAHARASHTRA,Pune,,Demo City 6,Ward 18,Block 2,Demo Village 8,2026-05-15,750000,YES,UNDER IMPLEMENTATION,LOK SABHA,117.0,0,0,4,4,5,0.625,13.527829818844936,36,4,0,0,1,Normal,0.1504601486347503,13.06,0,LOW,No major risk indicators detected
MPLADS-000039,Demo MP 39,Demo MPLADS work 39 - Drainage,Drainage,WEST BENGAL,Kolkata,,Demo City 7,Ward 19,Block 3,Demo Village 9,,1200000,YES,ONGOING,LOK SABHA,0.0,0,0,4,4,5,1.0,13.997832948091215,30,4,0,0,1,Normal,0.1111741748975122,33.04,0,LOW,No major risk indicators detected
MPLADS-000040,Demo MP 40,Demo MPLADS work 40 - Public Sanitation,Public Sanitation,ODISHA,Bhubaneswar,,Demo City 8,Ward 20,Block 4,Demo Village 10,2026-06-30,1800000,YES,APPROVED,RAJYA SABHA,71.0,0,0,4,4,5,1.5,14.403297778421797,39,4,0,0,1,Normal,0.1460175197523243,15.32,0,LOW,No major risk indicators detected
